row,label,x,y
0,big,-0.35683279,-0.35683279
1,brown,-0.35683279,-0.35683279
2,calico,-0.35683279,-0.35683279
3,cat,-0.62607696,-0.62607696
4,dog,-0.62607696,-0.62607696
5,lay,-0.41785620,-0.41785620
6,mat,-0.40245628,-0.40245628
7,on,-0.47358443,-0.47358443
8,red,-0.35683279,-0.35683279
9,rug,-0.41785620,-0.41785620
10,sat,-0.41785620,-0.41785620
11,small,-0.35683279,4.63882628
12,tabby,-0.35683279,-0.35683279
13,the,1.89885700,-1.58210285
